,subreddit,day,posts_count
0,askcomputerscience,0,11.538461538461538
1,askcomputerscience,1,11.076923076923077
2,askcomputerscience,2,11.615384615384615
3,askcomputerscience,3,10.0
4,askcomputerscience,4,11.538461538461538
5,askcomputerscience,5,9.538461538461538
6,askcomputerscience,6,9.538461538461538
7,askculinary,0,37.15384615384615
8,askculinary,1,37.76923076923077
9,askculinary,2,31.692307692307693
10,askculinary,3,34.07692307692308
11,askculinary,4,33.30769230769231
12,askculinary,5,28.384615384615383
13,askculinary,6,29.615384615384617
14,askengineers,0,47.15384615384615
15,askengineers,1,52.46153846153846
16,askengineers,2,50.46153846153846
17,askengineers,3,48.92307692307692
18,askengineers,4,45.46153846153846
19,askengineers,5,33.38461538461539
20,askengineers,6,35.30769230769231
21,askhistorians,0,174.07692307692307
22,askhistorians,1,159.30769230769232
23,askhistorians,2,155.92307692307693
24,askhistorians,3,178.30769230769232
25,askhistorians,4,156.76923076923077
26,askhistorians,5,148.3846153846154
27,askhistorians,6,167.15384615384616
28,askphilosophy,0,48.30769230769231
29,askphilosophy,1,42.53846153846154
30,askphilosophy,2,41.07692307692308
31,askphilosophy,3,44.0
32,askphilosophy,4,41.07692307692308
33,askphilosophy,5,42.15384615384615
34,askphilosophy,6,43.30769230769231
35,askreddit,0,14645.76923076923
36,askreddit,1,15114.76923076923
37,askreddit,2,14098.23076923077
38,askreddit,3,15009.384615384615
39,askreddit,4,14577.384615384615
40,askreddit,5,13591.076923076924
41,askreddit,6,14226.538461538461
42,askscience,0,354.3076923076923
43,askscience,1,362.53846153846155
44,askscience,2,349.3076923076923
45,askscience,3,362.9230769230769
46,askscience,4,353.3076923076923
47,askscience,5,334.15384615384613
48,askscience,6,353.2307692307692
49,asksocialscience,0,6.615384615384615
50,asksocialscience,1,5.846153846153846
51,asksocialscience,2,6.916666666666667
52,asksocialscience,3,6.384615384615385
53,asksocialscience,4,7.538461538461538
54,asksocialscience,5,6.230769230769231
55,asksocialscience,6,5.6923076923076925
56,trueaskreddit,0,7.461538461538462
57,trueaskreddit,1,7.461538461538462
58,trueaskreddit,2,6.846153846153846
59,trueaskreddit,3,6.923076923076923
60,trueaskreddit,4,6.3076923076923075
61,trueaskreddit,5,5.3076923076923075
62,trueaskreddit,6,6.538461538461538
