,day,posts_count,subreddit
0,0,11.538461538461537,askcomputerscience
1,1,11.076923076923077,askcomputerscience
2,2,11.615384615384615,askcomputerscience
3,3,10.0,askcomputerscience
4,4,11.538461538461537,askcomputerscience
5,5,9.538461538461537,askcomputerscience
6,6,9.538461538461537,askcomputerscience
7,0,37.153846153846146,askculinary
8,1,37.769230769230774,askculinary
9,2,31.69230769230769,askculinary
10,3,34.07692307692308,askculinary
11,4,33.30769230769231,askculinary
12,5,28.384615384615387,askculinary
13,6,29.615384615384613,askculinary
14,0,47.153846153846146,askengineers
15,1,52.46153846153846,askengineers
16,2,50.46153846153846,askengineers
17,3,48.92307692307693,askengineers
18,4,45.46153846153846,askengineers
19,5,33.384615384615394,askengineers
20,6,35.307692307692314,askengineers
21,0,174.0769230769231,askhistorians
22,1,159.30769230769232,askhistorians
23,2,155.9230769230769,askhistorians
24,3,178.3076923076923,askhistorians
25,4,156.76923076923075,askhistorians
26,5,148.38461538461542,askhistorians
27,6,167.15384615384616,askhistorians
28,0,48.30769230769231,askphilosophy
29,1,42.53846153846154,askphilosophy
30,2,41.07692307692308,askphilosophy
31,3,44.0,askphilosophy
32,4,41.07692307692308,askphilosophy
33,5,42.153846153846146,askphilosophy
34,6,43.30769230769231,askphilosophy
35,0,14645.76923076923,askreddit
36,1,15114.76923076923,askreddit
37,2,14098.23076923077,askreddit
38,3,15009.384615384617,askreddit
39,4,14577.384615384617,askreddit
40,5,13591.076923076924,askreddit
41,6,14226.53846153846,askreddit
42,0,354.3076923076923,askscience
43,1,362.5384615384616,askscience
44,2,349.3076923076923,askscience
45,3,362.92307692307685,askscience
46,4,353.3076923076923,askscience
47,5,334.15384615384613,askscience
48,6,353.23076923076917,askscience
49,0,6.615384615384616,asksocialscience
50,1,5.846153846153847,asksocialscience
51,2,6.916666666666668,asksocialscience
52,3,6.384615384615384,asksocialscience
53,4,7.538461538461537,asksocialscience
54,5,6.230769230769232,asksocialscience
55,6,5.6923076923076925,asksocialscience
56,0,7.461538461538463,trueaskreddit
57,1,7.461538461538463,trueaskreddit
58,2,6.846153846153847,trueaskreddit
59,3,6.9230769230769225,trueaskreddit
60,4,6.307692307692308,trueaskreddit
61,5,5.307692307692308,trueaskreddit
62,6,6.538461538461537,trueaskreddit
